[
  {
    "0": "1",
    "1": "Mantua Township, NJ",
    "2": "mun_boundary"
  },
  {
    "0": "2",
    "1": "Pine Valley Borough, NJ",
    "2": "mun_boundary"
  },
  {
    "0": "3",
    "1": "Waterford Township, NJ",
    "2": "mun_boundary"
  },
  {
    "0": "5",
    "1": "Winslow Township, NJ",
    "2": "mun_boundary"
  },
  {
    "0": "1140",
    "1": "Bass River Township, NJ",
    "2": "mun_boundary"
  },
  {
    "0": "1170",
    "1": "Washington Township, Burlington County, NJ",
    "2": "mun_boundary"
  },
  {
    "0": "1171",
    "1": "Harrison Township, NJ",
    "2": "mun_boundary"
  },
  {
    "0": "1172",
    "1": "Swedesboro Borough, NJ",
    "2": "mun_boundary"
  },
  {
    "0": "1173",
    "1": "Pitman Borough, NJ",
    "2": "mun_boundary"
  },
  {
    "0": "1174",
    "1": "Chesilhurst Borough, NJ",
    "2": "mun_boundary"
  },
  {
    "0": "1175",
    "1": "Glassboro Borough, NJ",
    "2": "mun_boundary"
  },
  {
    "0": "1184",
    "1": "South Harrison Township, NJ",
    "2": "mun_boundary"
  },
  {
    "0": "1191",
    "1": "Elk Township, NJ",
    "2": "mun_boundary"
  },
  {
    "0": "1192",
    "1": "Clayton Borough, NJ",
    "2": "mun_boundary"
  },
  {
    "0": "1193",
    "1": "Franklin Township, NJ",
    "2": "mun_boundary"
  },
  {
    "0": "1290",
    "1": "Newfield Borough, NJ",
    "2": "mun_boundary"
  },
  {
    "0": "1314",
    "1": "Monroe Township, NJ",
    "2": "mun_boundary"
  },
  {
    "0": "1315",
    "1": "Brooklawn Borough, NJ",
    "2": "mun_boundary"
  },
  {
    "0": "1316",
    "1": "Maple Shade Township, NJ",
    "2": "mun_boundary"
  },
  {
    "0": "1317",
    "1": "Evesham Township, NJ",
    "2": "mun_boundary"
  },
  {
    "0": "1318",
    "1": "Palmyra Borough, NJ",
    "2": "mun_boundary"
  },
  {
    "0": "1319",
    "1": "Rockledge Borough, PA",
    "2": "mun_boundary"
  },
  {
    "0": "1320",
    "1": "Conshohocken Borough, PA",
    "2": "mun_boundary"
  },
  {
    "0": "1321",
    "1": "Abington Township, PA",
    "2": "mun_boundary"
  },
  {
    "0": "1322",
    "1": "Springfield Township, Montgomery County, PA",
    "2": "mun_boundary"
  },
  {
    "0": "1323",
    "1": "Whitemarsh Township, PA",
    "2": "mun_boundary"
  },
  {
    "0": "1324",
    "1": "Plymouth Township, PA",
    "2": "mun_boundary"
  },
  {
    "0": "1325",
    "1": "Norristown Borough, PA",
    "2": "mun_boundary"
  },
  {
    "0": "1326",
    "1": "Ambler Borough, PA",
    "2": "mun_boundary"
  },
  {
    "0": "1327",
    "1": "Bridgeport Borough, PA",
    "2": "mun_boundary"
  },
  {
    "0": "1328",
    "1": "Jenkintown Borough, PA",
    "2": "mun_boundary"
  },
  {
    "0": "1329",
    "1": "West Norriton Township, PA",
    "2": "mun_boundary"
  },
  {
    "0": "1330",
    "1": "Cheltenham Township, PA",
    "2": "mun_boundary"
  },
  {
    "0": "1331",
    "1": "Upper Dublin Township, PA",
    "2": "mun_boundary"
  },
  {
    "0": "1332",
    "1": "East Norriton Township, PA",
    "2": "mun_boundary"
  },
  {
    "0": "1333",
    "1": "Whitpain Township, PA",
    "2": "mun_boundary"
  },
  {
    "0": "1334",
    "1": "Schwenksville Borough, PA",
    "2": "mun_boundary"
  },
  {
    "0": "1335",
    "1": "Green Lane Borough, PA",
    "2": "mun_boundary"
  },
  {
    "0": "1336",
    "1": "Souderton Borough, PA",
    "2": "mun_boundary"
  },
  {
    "0": "1337",
    "1": "Upper Frederick Township, PA",
    "2": "mun_boundary"
  },
  {
    "0": "1338",
    "1": "Upper Salford Township, PA",
    "2": "mun_boundary"
  },
  {
    "0": "1339",
    "1": "Worcester Township, PA",
    "2": "mun_boundary"
  },
  {
    "0": "1340",
    "1": "Collegeville Borough, PA",
    "2": "mun_boundary"
  },
  {
    "0": "1341",
    "1": "Trappe Borough, PA",
    "2": "mun_boundary"
  },
  {
    "0": "1342",
    "1": "Lower Gwynedd Township, PA",
    "2": "mun_boundary"
  },
  {
    "0": "1343",
    "1": "North Wales Borough, PA",
    "2": "mun_boundary"
  },
  {
    "0": "1344",
    "1": "Lansdale Borough, PA",
    "2": "mun_boundary"
  },
  {
    "0": "1345",
    "1": "Skippack Township, PA",
    "2": "mun_boundary"
  },
  {
    "0": "1346",
    "1": "Hatfield Borough, PA",
    "2": "mun_boundary"
  },
  {
    "0": "1347",
    "1": "New Hanover Township, PA",
    "2": "mun_boundary"
  },
  {
    "0": "1348",
    "1": "Lower Frederick Township, PA",
    "2": "mun_boundary"
  },
  {
    "0": "1349",
    "1": "Lower Salford Township, PA",
    "2": "mun_boundary"
  },
  {
    "0": "1354",
    "1": "Franconia Township, PA",
    "2": "mun_boundary"
  },
  {
    "0": "1355",
    "1": "Horsham Township, PA",
    "2": "mun_boundary"
  },
  {
    "0": "1356",
    "1": "Montgomery Township, PA",
    "2": "mun_boundary"
  },
  {
    "0": "1359",
    "1": "Perkiomen Township, PA",
    "2": "mun_boundary"
  },
  {
    "0": "1360",
    "1": "Towamencin Township, PA",
    "2": "mun_boundary"
  },
  {
    "0": "1361",
    "1": "Upper Gwynedd Township, PA",
    "2": "mun_boundary"
  },
  {
    "0": "1362",
    "1": "Hatfield Township, PA",
    "2": "mun_boundary"
  },
  {
    "0": "1364",
    "1": "Bordentown Township, NJ",
    "2": "mun_boundary"
  },
  {
    "0": "1365",
    "1": "Chesterfield Township, NJ",
    "2": "mun_boundary"
  },
  {
    "0": "1369",
    "1": "North Hanover Township, NJ",
    "2": "mun_boundary"
  },
  {
    "0": "1370",
    "1": "Hamilton Township, NJ",
    "2": "mun_boundary"
  },
  {
    "0": "1371",
    "1": "Cherry Hill Township, NJ",
    "2": "mun_boundary"
  },
  {
    "0": "1373",
    "1": "Shamong Township, NJ",
    "2": "mun_boundary"
  },
  {
    "0": "1554",
    "1": "Hopewell Borough, NJ",
    "2": "mun_boundary"
  },
  {
    "0": "1924",
    "1": "Princeton, NJ",
    "2": "mun_boundary"
  },
  {
    "0": "2002",
    "1": "Lawrence Township, NJ",
    "2": "mun_boundary"
  },
  {
    "0": "2003",
    "1": "West Windsor Township, NJ",
    "2": "mun_boundary"
  },
  {
    "0": "2004",
    "1": "Pennington Borough, NJ",
    "2": "mun_boundary"
  },
  {
    "0": "2005",
    "1": "Ewing Township, NJ",
    "2": "mun_boundary"
  },
  {
    "0": "2006",
    "1": "Upper Makefield Township, PA",
    "2": "mun_boundary"
  },
  {
    "0": "2007",
    "1": "Yardley Borough, PA",
    "2": "mun_boundary"
  },
  {
    "0": "2008",
    "1": "Newtown Borough, PA",
    "2": "mun_boundary"
  },
  {
    "0": "2009",
    "1": "Newtown Township, Bucks County, PA",
    "2": "mun_boundary"
  },
  {
    "0": "2026",
    "1": "Hightstown Borough, NJ",
    "2": "mun_boundary"
  },
  {
    "0": "2084",
    "1": "Robbinsville Township, NJ",
    "2": "mun_boundary"
  },
  {
    "0": "2085",
    "1": "Trenton City, NJ",
    "2": "mun_boundary"
  },
  {
    "0": "2086",
    "1": "Morrisville Borough, PA",
    "2": "mun_boundary"
  },
  {
    "0": "2087",
    "1": "Lower Makefield Township, PA",
    "2": "mun_boundary"
  },
  {
    "0": "2360",
    "1": "Burlington Township, NJ",
    "2": "mun_boundary"
  },
  {
    "0": "2361",
    "1": "Burlington City, NJ",
    "2": "mun_boundary"
  },
  {
    "0": "2362",
    "1": "Langhorne Borough, PA",
    "2": "mun_boundary"
  },
  {
    "0": "2363",
    "1": "Bristol Borough, PA",
    "2": "mun_boundary"
  },
  {
    "0": "2364",
    "1": "Hulmeville Borough, PA",
    "2": "mun_boundary"
  },
  {
    "0": "2365",
    "1": "Bristol Township, PA",
    "2": "mun_boundary"
  },
  {
    "0": "2366",
    "1": "Middletown Township, Bucks County, PA",
    "2": "mun_boundary"
  },
  {
    "0": "2367",
    "1": "Springfield Township, NJ",
    "2": "mun_boundary"
  },
  {
    "0": "2368",
    "1": "Edgewater Park Township, NJ",
    "2": "mun_boundary"
  },
  {
    "0": "2369",
    "1": "Beverly City, NJ",
    "2": "mun_boundary"
  },
  {
    "0": "2370",
    "1": "Langhorne Manor Borough, PA",
    "2": "mun_boundary"
  },
  {
    "0": "2371",
    "1": "Bensalem Township, PA",
    "2": "mun_boundary"
  },
  {
    "0": "2372",
    "1": "Penndel Borough, PA",
    "2": "mun_boundary"
  },
  {
    "0": "2373",
    "1": "Northampton Township, PA",
    "2": "mun_boundary"
  },
  {
    "0": "2374",
    "1": "Delanco Township, NJ",
    "2": "mun_boundary"
  },
  {
    "0": "2375",
    "1": "Hatboro Borough, PA",
    "2": "mun_boundary"
  },
  {
    "0": "2376",
    "1": "Upper Moreland Township, PA",
    "2": "mun_boundary"
  },
  {
    "0": "2377",
    "1": "Lower Moreland Township, PA",
    "2": "mun_boundary"
  },
  {
    "0": "2378",
    "1": "Bryn Athyn Borough, PA",
    "2": "mun_boundary"
  },
  {
    "0": "2379",
    "1": "Lower Southampton Township, PA",
    "2": "mun_boundary"
  },
  {
    "0": "2380",
    "1": "Upper Southampton Township, PA",
    "2": "mun_boundary"
  },
  {
    "0": "2381",
    "1": "Warminster Township, PA",
    "2": "mun_boundary"
  },
  {
    "0": "2382",
    "1": "Warrington Township, PA",
    "2": "mun_boundary"
  },
  {
    "0": "2383",
    "1": "Ivyland Borough, PA",
    "2": "mun_boundary"
  },
  {
    "0": "2384",
    "1": "Willingboro Township, NJ",
    "2": "mun_boundary"
  },
  {
    "0": "2387",
    "1": "New Hanover Township, NJ",
    "2": "mun_boundary"
  },
  {
    "0": "2394",
    "1": "Riverside Township, NJ",
    "2": "mun_boundary"
  },
  {
    "0": "2395",
    "1": "Westampton Township, NJ",
    "2": "mun_boundary"
  },
  {
    "0": "2396",
    "1": "Delran Township, NJ",
    "2": "mun_boundary"
  },
  {
    "0": "2397",
    "1": "Cinnaminson Township, NJ",
    "2": "mun_boundary"
  },
  {
    "0": "2398",
    "1": "Eastampton Township, NJ",
    "2": "mun_boundary"
  },
  {
    "0": "2399",
    "1": "Riverton Borough, NJ",
    "2": "mun_boundary"
  },
  {
    "0": "2400",
    "1": "Philadelphia City, PA",
    "2": "mun_boundary"
  },
  {
    "0": "2401",
    "1": "Moorestown Township, NJ",
    "2": "mun_boundary"
  },
  {
    "0": "2402",
    "1": "Mount Holly Township, NJ",
    "2": "mun_boundary"
  },
  {
    "0": "2403",
    "1": "Mount Laurel Township, NJ",
    "2": "mun_boundary"
  },
  {
    "0": "2404",
    "1": "Hainesport Township, NJ",
    "2": "mun_boundary"
  },
  {
    "0": "2405",
    "1": "Pennsauken Township, NJ",
    "2": "mun_boundary"
  },
  {
    "0": "2406",
    "1": "West Conshohocken Borough, PA",
    "2": "mun_boundary"
  },
  {
    "0": "2407",
    "1": "Lower Merion Township, PA",
    "2": "mun_boundary"
  },
  {
    "0": "2408",
    "1": "Lumberton Township, NJ",
    "2": "mun_boundary"
  },
  {
    "0": "2409",
    "1": "Southampton Township, NJ",
    "2": "mun_boundary"
  },
  {
    "0": "2410",
    "1": "Pemberton Borough, NJ",
    "2": "mun_boundary"
  },
  {
    "0": "2411",
    "1": "Camden City, NJ",
    "2": "mun_boundary"
  },
  {
    "0": "2412",
    "1": "Merchantville Borough, NJ",
    "2": "mun_boundary"
  },
  {
    "0": "2413",
    "1": "Collingswood Borough, NJ",
    "2": "mun_boundary"
  },
  {
    "0": "2418",
    "1": "Woodland Township, NJ",
    "2": "mun_boundary"
  },
  {
    "0": "2431",
    "1": "Woodlynne Borough, NJ",
    "2": "mun_boundary"
  },
  {
    "0": "2432",
    "1": "Haddonfield Borough, NJ",
    "2": "mun_boundary"
  },
  {
    "0": "2433",
    "1": "Oaklyn Borough, NJ",
    "2": "mun_boundary"
  },
  {
    "0": "2434",
    "1": "Gloucester City, NJ",
    "2": "mun_boundary"
  },
  {
    "0": "2435",
    "1": "Audubon Borough, NJ",
    "2": "mun_boundary"
  },
  {
    "0": "2436",
    "1": "Audubon Park Borough, NJ",
    "2": "mun_boundary"
  },
  {
    "0": "2437",
    "1": "Haddon Heights Borough, NJ",
    "2": "mun_boundary"
  },
  {
    "0": "2438",
    "1": "Mount Ephraim Borough, NJ",
    "2": "mun_boundary"
  },
  {
    "0": "2439",
    "1": "West Deptford Township, NJ",
    "2": "mun_boundary"
  },
  {
    "0": "2440",
    "1": "Barrington Borough, NJ",
    "2": "mun_boundary"
  },
  {
    "0": "2441",
    "1": "Westville Borough, NJ",
    "2": "mun_boundary"
  },
  {
    "0": "2442",
    "1": "Tabernacle Township, NJ",
    "2": "mun_boundary"
  },
  {
    "0": "2443",
    "1": "National Park Borough, NJ",
    "2": "mun_boundary"
  },
  {
    "0": "2444",
    "1": "Yeadon Borough, PA",
    "2": "mun_boundary"
  },
  {
    "0": "2445",
    "1": "Colwyn Borough, PA",
    "2": "mun_boundary"
  },
  {
    "0": "2446",
    "1": "Darby Borough, PA",
    "2": "mun_boundary"
  },
  {
    "0": "2447",
    "1": "East Lansdowne Borough, PA",
    "2": "mun_boundary"
  },
  {
    "0": "2448",
    "1": "Lansdowne Borough, PA",
    "2": "mun_boundary"
  },
  {
    "0": "2449",
    "1": "Millbourne Borough, PA",
    "2": "mun_boundary"
  },
  {
    "0": "2450",
    "1": "Upper Merion Township, PA",
    "2": "mun_boundary"
  },
  {
    "0": "2451",
    "1": "Narberth Borough, PA",
    "2": "mun_boundary"
  },
  {
    "0": "2452",
    "1": "Tavistock Borough, NJ",
    "2": "mun_boundary"
  },
  {
    "0": "2453",
    "1": "Lawnside Borough, NJ",
    "2": "mun_boundary"
  },
  {
    "0": "2454",
    "1": "Bellmawr Borough, NJ",
    "2": "mun_boundary"
  },
  {
    "0": "2455",
    "1": "Voorhees Township, NJ",
    "2": "mun_boundary"
  },
  {
    "0": "2456",
    "1": "Medford Lakes Borough, NJ",
    "2": "mun_boundary"
  },
  {
    "0": "2457",
    "1": "Deptford Township, NJ",
    "2": "mun_boundary"
  },
  {
    "0": "2458",
    "1": "Magnolia Borough, NJ",
    "2": "mun_boundary"
  },
  {
    "0": "2459",
    "1": "Runnemede Borough, NJ",
    "2": "mun_boundary"
  },
  {
    "0": "2460",
    "1": "Somerdale Borough, NJ",
    "2": "mun_boundary"
  },
  {
    "0": "2461",
    "1": "Paulsboro Borough, NJ",
    "2": "mun_boundary"
  },
  {
    "0": "2462",
    "1": "Aldan Borough, PA",
    "2": "mun_boundary"
  },
  {
    "0": "2463",
    "1": "Sharon Hill Borough, PA",
    "2": "mun_boundary"
  },
  {
    "0": "2464",
    "1": "Clifton Heights Borough, PA",
    "2": "mun_boundary"
  },
  {
    "0": "2465",
    "1": "Collingdale Borough, PA",
    "2": "mun_boundary"
  },
  {
    "0": "2466",
    "1": "Folcroft Borough, PA",
    "2": "mun_boundary"
  },
  {
    "0": "2467",
    "1": "Tinicum Township, Delaware County, PA",
    "2": "mun_boundary"
  },
  {
    "0": "2468",
    "1": "Darby Township, PA",
    "2": "mun_boundary"
  },
  {
    "0": "2469",
    "1": "Woodbury City, NJ",
    "2": "mun_boundary"
  },
  {
    "0": "2470",
    "1": "Gloucester Township, NJ",
    "2": "mun_boundary"
  },
  {
    "0": "2471",
    "1": "Greenwich Township, NJ",
    "2": "mun_boundary"
  },
  {
    "0": "2472",
    "1": "Malvern Borough, PA",
    "2": "mun_boundary"
  },
  {
    "0": "2473",
    "1": "Nether Providence Township, PA",
    "2": "mun_boundary"
  },
  {
    "0": "2474",
    "1": "Radnor Township, PA",
    "2": "mun_boundary"
  },
  {
    "0": "2475",
    "1": "Ridley Township, PA",
    "2": "mun_boundary"
  },
  {
    "0": "2476",
    "1": "Haverford Township, PA",
    "2": "mun_boundary"
  },
  {
    "0": "2477",
    "1": "Rutledge Borough, PA",
    "2": "mun_boundary"
  },
  {
    "0": "2478",
    "1": "Swarthmore Borough, PA",
    "2": "mun_boundary"
  },
  {
    "0": "2479",
    "1": "Rose Valley Borough, PA",
    "2": "mun_boundary"
  },
  {
    "0": "2480",
    "1": "Eddystone Borough, PA",
    "2": "mun_boundary"
  },
  {
    "0": "2481",
    "1": "Norwood Borough, PA",
    "2": "mun_boundary"
  },
  {
    "0": "2482",
    "1": "Media Borough, PA",
    "2": "mun_boundary"
  },
  {
    "0": "2483",
    "1": "Marple Township, PA",
    "2": "mun_boundary"
  },
  {
    "0": "2484",
    "1": "Morton Borough, PA",
    "2": "mun_boundary"
  },
  {
    "0": "2485",
    "1": "Prospect Park Borough, PA",
    "2": "mun_boundary"
  },
  {
    "0": "2486",
    "1": "Ridley Park Borough, PA",
    "2": "mun_boundary"
  },
  {
    "0": "2487",
    "1": "Willistown Township, PA",
    "2": "mun_boundary"
  },
  {
    "0": "2488",
    "1": "Spring City Borough, PA",
    "2": "mun_boundary"
  },
  {
    "0": "2489",
    "1": "Phoenixville Borough, PA",
    "2": "mun_boundary"
  },
  {
    "0": "2490",
    "1": "Tredyffrin Township, PA",
    "2": "mun_boundary"
  },
  {
    "0": "2491",
    "1": "Edgmont Township, PA",
    "2": "mun_boundary"
  },
  {
    "0": "2492",
    "1": "Glenolden Borough, PA",
    "2": "mun_boundary"
  },
  {
    "0": "2493",
    "1": "East Pikeland Township, PA",
    "2": "mun_boundary"
  },
  {
    "0": "2494",
    "1": "East Whiteland Township, PA",
    "2": "mun_boundary"
  },
  {
    "0": "2495",
    "1": "Upper Providence Township, Delaware County, PA",
    "2": "mun_boundary"
  },
  {
    "0": "2496",
    "1": "Newtown Township, Delaware County, PA",
    "2": "mun_boundary"
  },
  {
    "0": "2497",
    "1": "Charlestown Township, PA",
    "2": "mun_boundary"
  },
  {
    "0": "2498",
    "1": "Easttown Township, PA",
    "2": "mun_boundary"
  },
  {
    "0": "2499",
    "1": "Springfield Township, Delaware County, PA",
    "2": "mun_boundary"
  },
  {
    "0": "2500",
    "1": "Upper Darby Township, PA",
    "2": "mun_boundary"
  },
  {
    "0": "2501",
    "1": "Schuylkill Township, PA",
    "2": "mun_boundary"
  },
  {
    "0": "2502",
    "1": "Royersford Borough, PA",
    "2": "mun_boundary"
  },
  {
    "0": "2503",
    "1": "East Coventry Township, PA",
    "2": "mun_boundary"
  },
  {
    "0": "2504",
    "1": "East Vincent Township, PA",
    "2": "mun_boundary"
  },
  {
    "0": "2505",
    "1": "Lower Pottsgrove Township, PA",
    "2": "mun_boundary"
  },
  {
    "0": "2506",
    "1": "Douglass Township, PA",
    "2": "mun_boundary"
  },
  {
    "0": "2507",
    "1": "Pottstown Borough, PA",
    "2": "mun_boundary"
  },
  {
    "0": "2508",
    "1": "West Pottsgrove Township, PA",
    "2": "mun_boundary"
  },
  {
    "0": "2509",
    "1": "Limerick Township, PA",
    "2": "mun_boundary"
  },
  {
    "0": "2510",
    "1": "North Coventry Township, PA",
    "2": "mun_boundary"
  },
  {
    "0": "2516",
    "1": "Upper Pottsgrove Township, PA",
    "2": "mun_boundary"
  },
  {
    "0": "2517",
    "1": "Lower Providence Township, PA",
    "2": "mun_boundary"
  },
  {
    "0": "2520",
    "1": "Upper Providence Township, Montgomery County, PA",
    "2": "mun_boundary"
  },
  {
    "0": "2527",
    "1": "Gibbsboro Borough, NJ",
    "2": "mun_boundary"
  },
  {
    "0": "2570",
    "1": "Logan Township, NJ",
    "2": "mun_boundary"
  },
  {
    "0": "2571",
    "1": "Kennett Square Borough, PA",
    "2": "mun_boundary"
  },
  {
    "0": "2574",
    "1": "Modena Borough, PA",
    "2": "mun_boundary"
  },
  {
    "0": "2575",
    "1": "Elverson Borough, PA",
    "2": "mun_boundary"
  },
  {
    "0": "2576",
    "1": "Honey Brook Borough, PA",
    "2": "mun_boundary"
  },
  {
    "0": "2577",
    "1": "Lower Chichester Township, PA",
    "2": "mun_boundary"
  },
  {
    "0": "2578",
    "1": "Caln Township, PA",
    "2": "mun_boundary"
  },
  {
    "0": "2579",
    "1": "Thornbury Township, Delaware County, PA",
    "2": "mun_boundary"
  },
  {
    "0": "2580",
    "1": "Upper Chichester Township, PA",
    "2": "mun_boundary"
  },
  {
    "0": "2586",
    "1": "Upland Borough, PA",
    "2": "mun_boundary"
  },
  {
    "0": "2590",
    "1": "Chester Township, PA",
    "2": "mun_boundary"
  },
  {
    "0": "2591",
    "1": "Brookhaven Borough, PA",
    "2": "mun_boundary"
  },
  {
    "0": "2592",
    "1": "Parkside Borough, PA",
    "2": "mun_boundary"
  },
  {
    "0": "2593",
    "1": "Wallace Township, PA",
    "2": "mun_boundary"
  },
  {
    "0": "2596",
    "1": "Chester Heights Borough, PA",
    "2": "mun_boundary"
  },
  {
    "0": "2597",
    "1": "Chadds Ford Township, PA",
    "2": "mun_boundary"
  },
  {
    "0": "2598",
    "1": "Trainer Borough, PA",
    "2": "mun_boundary"
  },
  {
    "0": "2599",
    "1": "Aston Township, PA",
    "2": "mun_boundary"
  },
  {
    "0": "2604",
    "1": "East Nantmeal Township, PA",
    "2": "mun_boundary"
  },
  {
    "0": "2605",
    "1": "East Brandywine Township, PA",
    "2": "mun_boundary"
  },
  {
    "0": "2608",
    "1": "Penn Township, PA",
    "2": "mun_boundary"
  },
  {
    "0": "2611",
    "1": "East Caln Township, PA",
    "2": "mun_boundary"
  },
  {
    "0": "2614",
    "1": "Birmingham Township, PA",
    "2": "mun_boundary"
  },
  {
    "0": "2619",
    "1": "East Bradford Township, PA",
    "2": "mun_boundary"
  },
  {
    "0": "2621",
    "1": "Franklin Township, PA",
    "2": "mun_boundary"
  },
  {
    "0": "2624",
    "1": "Highland Township, PA",
    "2": "mun_boundary"
  },
  {
    "0": "2628",
    "1": "Coatesville City, PA",
    "2": "mun_boundary"
  },
  {
    "0": "2631",
    "1": "East Nottingham Township, PA",
    "2": "mun_boundary"
  },
  {
    "0": "2634",
    "1": "East Marlborough Township, PA",
    "2": "mun_boundary"
  },
  {
    "0": "2635",
    "1": "London Britain Township, PA",
    "2": "mun_boundary"
  },
  {
    "0": "2637",
    "1": "West Vincent Township, PA",
    "2": "mun_boundary"
  },
  {
    "0": "2638",
    "1": "West Whiteland Township, PA",
    "2": "mun_boundary"
  },
  {
    "0": "2639",
    "1": "East Fallowfield Township, PA",
    "2": "mun_boundary"
  },
  {
    "0": "2640",
    "1": "East Goshen Township, PA",
    "2": "mun_boundary"
  },
  {
    "0": "2648",
    "1": "Concord Township, PA",
    "2": "mun_boundary"
  },
  {
    "0": "2653",
    "1": "Bethel Township, PA",
    "2": "mun_boundary"
  },
  {
    "0": "2655",
    "1": "Pocopson Township, PA",
    "2": "mun_boundary"
  },
  {
    "0": "2658",
    "1": "West Fallowfield Township, PA",
    "2": "mun_boundary"
  },
  {
    "0": "2660",
    "1": "Elk Township, PA",
    "2": "mun_boundary"
  },
  {
    "0": "2664",
    "1": "West Marlborough Township, PA",
    "2": "mun_boundary"
  },
  {
    "0": "2668",
    "1": "West Nantmeal Township, PA",
    "2": "mun_boundary"
  },
  {
    "0": "2669",
    "1": "West Nottingham Township, PA",
    "2": "mun_boundary"
  },
  {
    "0": "2670",
    "1": "West Pikeland Township, PA",
    "2": "mun_boundary"
  },
  {
    "0": "2672",
    "1": "West Sadsbury Township, PA",
    "2": "mun_boundary"
  },
  {
    "0": "2676",
    "1": "West Goshen Township, PA",
    "2": "mun_boundary"
  },
  {
    "0": "2679",
    "1": "Atglen Borough, PA",
    "2": "mun_boundary"
  },
  {
    "0": "2680",
    "1": "West Chester Borough, PA",
    "2": "mun_boundary"
  },
  {
    "0": "2682",
    "1": "West Caln Township, PA",
    "2": "mun_boundary"
  },
  {
    "0": "2683",
    "1": "Avondale Borough, PA",
    "2": "mun_boundary"
  },
  {
    "0": "2684",
    "1": "Thornbury Township, Chester County, PA",
    "2": "mun_boundary"
  },
  {
    "0": "2685",
    "1": "Oxford Borough, PA",
    "2": "mun_boundary"
  },
  {
    "0": "2686",
    "1": "Parkesburg Borough, PA",
    "2": "mun_boundary"
  },
  {
    "0": "2687",
    "1": "West Brandywine Township, PA",
    "2": "mun_boundary"
  },
  {
    "0": "2688",
    "1": "Downingtown Borough, PA",
    "2": "mun_boundary"
  },
  {
    "0": "2689",
    "1": "Upper Oxford Township, PA",
    "2": "mun_boundary"
  },
  {
    "0": "2690",
    "1": "Newlin Township, PA",
    "2": "mun_boundary"
  },
  {
    "0": "2692",
    "1": "Upper Uwchlan Township, PA",
    "2": "mun_boundary"
  },
  {
    "0": "2694",
    "1": "West Grove Borough, PA",
    "2": "mun_boundary"
  },
  {
    "0": "2696",
    "1": "West Bradford Township, PA",
    "2": "mun_boundary"
  },
  {
    "0": "2697",
    "1": "South Coatesville Borough, PA",
    "2": "mun_boundary"
  },
  {
    "0": "2699",
    "1": "Londonderry Township, PA",
    "2": "mun_boundary"
  },
  {
    "0": "2701",
    "1": "Lower Oxford Township, PA",
    "2": "mun_boundary"
  },
  {
    "0": "2702",
    "1": "New London Township, PA",
    "2": "mun_boundary"
  },
  {
    "0": "2703",
    "1": "New Garden Township, PA",
    "2": "mun_boundary"
  },
  {
    "0": "2705",
    "1": "Middletown Township, Delaware County, PA",
    "2": "mun_boundary"
  },
  {
    "0": "2709",
    "1": "Chester City, PA",
    "2": "mun_boundary"
  },
  {
    "0": "2714",
    "1": "Sadsbury Township, PA",
    "2": "mun_boundary"
  },
  {
    "0": "2729",
    "1": "Uwchlan Township, PA",
    "2": "mun_boundary"
  },
  {
    "0": "2730",
    "1": "Westtown Township, PA",
    "2": "mun_boundary"
  },
  {
    "0": "2741",
    "1": "Marcus Hook Borough, PA",
    "2": "mun_boundary"
  },
  {
    "0": "2748",
    "1": "Kennett Township, PA",
    "2": "mun_boundary"
  },
  {
    "0": "2751",
    "1": "Honey Brook Township, PA",
    "2": "mun_boundary"
  },
  {
    "0": "2754",
    "1": "London Grove Township, PA",
    "2": "mun_boundary"
  },
  {
    "0": "2758",
    "1": "Pennsbury Township, PA",
    "2": "mun_boundary"
  },
  {
    "0": "2762",
    "1": "Valley Township, PA",
    "2": "mun_boundary"
  },
  {
    "0": "2834",
    "1": "South Coventry Township, PA",
    "2": "mun_boundary"
  },
  {
    "0": "2836",
    "1": "Warwick Township, Chester County, PA",
    "2": "mun_boundary"
  },
  {
    "0": "3042",
    "1": "Hi-Nella Borough, NJ",
    "2": "mun_boundary"
  },
  {
    "0": "3043",
    "1": "Stratford Borough, NJ",
    "2": "mun_boundary"
  },
  {
    "0": "3044",
    "1": "Lindenwold Borough, NJ",
    "2": "mun_boundary"
  },
  {
    "0": "3045",
    "1": "Laurel Springs Borough, NJ",
    "2": "mun_boundary"
  },
  {
    "0": "3046",
    "1": "Woodbury Heights Borough, NJ",
    "2": "mun_boundary"
  },
  {
    "0": "3047",
    "1": "East Greenwich Township, NJ",
    "2": "mun_boundary"
  },
  {
    "0": "3048",
    "1": "Berlin Township, NJ",
    "2": "mun_boundary"
  },
  {
    "0": "3049",
    "1": "Clementon Borough, NJ",
    "2": "mun_boundary"
  },
  {
    "0": "3050",
    "1": "Berlin Borough, NJ",
    "2": "mun_boundary"
  },
  {
    "0": "3051",
    "1": "Pine Hill Borough, NJ",
    "2": "mun_boundary"
  },
  {
    "0": "3052",
    "1": "Washington Township, Gloucester County, NJ",
    "2": "mun_boundary"
  },
  {
    "0": "3053",
    "1": "Wenonah Borough, NJ",
    "2": "mun_boundary"
  },
  {
    "0": "3054",
    "1": "Bordentown City, NJ",
    "2": "mun_boundary"
  },
  {
    "0": "3055",
    "1": "Fieldsboro Borough, NJ",
    "2": "mun_boundary"
  },
  {
    "0": "3056",
    "1": "Falls Township, PA",
    "2": "mun_boundary"
  },
  {
    "0": "3057",
    "1": "Florence Township, NJ",
    "2": "mun_boundary"
  },
  {
    "0": "3058",
    "1": "Tullytown Borough, PA",
    "2": "mun_boundary"
  },
  {
    "0": "3059",
    "1": "Mansfield Township, NJ",
    "2": "mun_boundary"
  },
  {
    "0": "3150",
    "1": "Woolwich Township, NJ",
    "2": "mun_boundary"
  },
  {
    "0": "3158",
    "1": "Hopewell Township, NJ",
    "2": "mun_boundary"
  },
  {
    "0": "3159",
    "1": "East Greenville Borough, PA",
    "2": "mun_boundary"
  },
  {
    "0": "3160",
    "1": "Telford Borough, Montgomery County, PA",
    "2": "mun_boundary"
  },
  {
    "0": "3161",
    "1": "Red Hill Borough, PA",
    "2": "mun_boundary"
  },
  {
    "0": "3162",
    "1": "New Britain Borough, PA",
    "2": "mun_boundary"
  },
  {
    "0": "3163",
    "1": "Pennsburg Borough, PA",
    "2": "mun_boundary"
  },
  {
    "0": "3164",
    "1": "Marlborough Township, PA",
    "2": "mun_boundary"
  },
  {
    "0": "3165",
    "1": "Salford Township, PA",
    "2": "mun_boundary"
  },
  {
    "0": "3166",
    "1": "Bedminster Township, PA",
    "2": "mun_boundary"
  },
  {
    "0": "3167",
    "1": "Warwick Township, Bucks County, PA",
    "2": "mun_boundary"
  },
  {
    "0": "3168",
    "1": "Wrightstown Township, PA",
    "2": "mun_boundary"
  },
  {
    "0": "3169",
    "1": "Chalfont Borough, PA",
    "2": "mun_boundary"
  },
  {
    "0": "3170",
    "1": "Doylestown Borough, PA",
    "2": "mun_boundary"
  },
  {
    "0": "3171",
    "1": "Dublin Borough, PA",
    "2": "mun_boundary"
  },
  {
    "0": "3172",
    "1": "New Hope Borough, PA",
    "2": "mun_boundary"
  },
  {
    "0": "3173",
    "1": "Trumbauersville Borough, PA",
    "2": "mun_boundary"
  },
  {
    "0": "3174",
    "1": "Telford Borough, Bucks County, PA",
    "2": "mun_boundary"
  },
  {
    "0": "3175",
    "1": "Buckingham Township, PA",
    "2": "mun_boundary"
  },
  {
    "0": "3177",
    "1": "East Rockhill Township, PA",
    "2": "mun_boundary"
  },
  {
    "0": "3178",
    "1": "New Britain Township, PA",
    "2": "mun_boundary"
  },
  {
    "0": "3179",
    "1": "Richlandtown Borough, PA",
    "2": "mun_boundary"
  },
  {
    "0": "3180",
    "1": "Sellersville Borough, PA",
    "2": "mun_boundary"
  },
  {
    "0": "3181",
    "1": "Silverdale Borough, PA",
    "2": "mun_boundary"
  },
  {
    "0": "3182",
    "1": "Perkasie Borough, PA",
    "2": "mun_boundary"
  },
  {
    "0": "3183",
    "1": "Plumstead Township, PA",
    "2": "mun_boundary"
  },
  {
    "0": "3184",
    "1": "Solebury Township, PA",
    "2": "mun_boundary"
  },
  {
    "0": "3185",
    "1": "West Rockhill Township, PA",
    "2": "mun_boundary"
  },
  {
    "0": "3187",
    "1": "Upper Hanover Township, PA",
    "2": "mun_boundary"
  },
  {
    "0": "3188",
    "1": "Doylestown Township, PA",
    "2": "mun_boundary"
  },
  {
    "0": "3189",
    "1": "Richland Township, PA",
    "2": "mun_boundary"
  },
  {
    "0": "3190",
    "1": "Hilltown Township, PA",
    "2": "mun_boundary"
  },
  {
    "0": "3191",
    "1": "Quakertown Borough, PA",
    "2": "mun_boundary"
  },
  {
    "0": "3192",
    "1": "Milford Township, PA",
    "2": "mun_boundary"
  },
  {
    "0": "3240",
    "1": "Durham Township, PA",
    "2": "mun_boundary"
  },
  {
    "0": "3244",
    "1": "Riegelsville Borough, PA",
    "2": "mun_boundary"
  },
  {
    "0": "3245",
    "1": "Nockamixon Township, PA",
    "2": "mun_boundary"
  },
  {
    "0": "3246",
    "1": "Haycock Township, PA",
    "2": "mun_boundary"
  },
  {
    "0": "3257",
    "1": "Tinicum Township, Bucks County, PA",
    "2": "mun_boundary"
  },
  {
    "0": "3263",
    "1": "Springfield Township, Bucks County, PA",
    "2": "mun_boundary"
  },
  {
    "0": "3265",
    "1": "Bridgeton Township, PA",
    "2": "mun_boundary"
  },
  {
    "0": "3459",
    "1": "East Windsor Township, NJ",
    "2": "mun_boundary"
  },
  {
    "0": "3471",
    "1": "Wrightstown Borough, NJ",
    "2": "mun_boundary"
  },
  {
    "0": "3472",
    "1": "Pemberton Township, NJ",
    "2": "mun_boundary"
  },
  {
    "0": "3473",
    "1": "Medford Township, NJ",
    "2": "mun_boundary"
  },
  {
    "0": "3474",
    "1": "Haddon Township, NJ",
    "2": "mun_boundary"
  },
  {
    "0": "2886",
    "1": "Wyomissing Borough, PA",
    "2": "mun_boundary"
  },
  {
    "0": "2896",
    "1": "Marion Township, PA",
    "2": "mun_boundary"
  },
  {
    "0": "2876",
    "1": "South Heidelberg Township, PA",
    "2": "mun_boundary"
  },
  {
    "0": "2915",
    "1": "Cumru Township, PA",
    "2": "mun_boundary"
  },
  {
    "0": "1363",
    "1": "Washington Township, PA",
    "2": "mun_boundary"
  },
  {
    "0": "2515",
    "1": "Douglass Township, PA",
    "2": "mun_boundary"
  },
  {
    "0": "2518",
    "1": "Earl Township, PA",
    "2": "mun_boundary"
  },
  {
    "0": "2881",
    "1": "Wernersville Borough, PA",
    "2": "mun_boundary"
  },
  {
    "0": "2903",
    "1": "Union Township, PA",
    "2": "mun_boundary"
  },
  {
    "0": "2910",
    "1": "Heidelberg Township, PA",
    "2": "mun_boundary"
  },
  {
    "0": "2513",
    "1": "Colebrookdale Township, PA",
    "2": "mun_boundary"
  },
  {
    "0": "2875",
    "1": "Robeson Township, PA",
    "2": "mun_boundary"
  },
  {
    "0": "2893",
    "1": "Robesonia Borough, PA",
    "2": "mun_boundary"
  },
  {
    "0": "2904",
    "1": "Lower Heidelberg Township, PA",
    "2": "mun_boundary"
  },
  {
    "0": "2918",
    "1": "Reading City, PA",
    "2": "mun_boundary"
  },
  {
    "0": "2837",
    "1": "Spring Township, PA",
    "2": "mun_boundary"
  },
  {
    "0": "2878",
    "1": "West Reading Borough, PA",
    "2": "mun_boundary"
  },
  {
    "0": "2879",
    "1": "Womelsdorf Borough, PA",
    "2": "mun_boundary"
  },
  {
    "0": "2511",
    "1": "Amity Township, PA",
    "2": "mun_boundary"
  },
  {
    "0": "2832",
    "1": "Exeter Township, PA",
    "2": "mun_boundary"
  },
  {
    "0": "2849",
    "1": "Sinking Spring Borough, PA",
    "2": "mun_boundary"
  },
  {
    "0": "1",
    "1": "Bridesburg (Philadelphia neighborhood)",
    "2": "neighborhood"
  },
  {
    "0": "2",
    "1": "Bustleton (Philadelphia neighborhood)",
    "2": "neighborhood"
  },
  {
    "0": "3",
    "1": "Cedarbrook (Philadelphia neighborhood)",
    "2": "neighborhood"
  },
  {
    "0": "4",
    "1": "Chestnut Hill (Philadelphia neighborhood)",
    "2": "neighborhood"
  },
  {
    "0": "5",
    "1": "East Falls (Philadelphia neighborhood)",
    "2": "neighborhood"
  },
  {
    "0": "6",
    "1": "East Mount Airy (Philadelphia neighborhood)",
    "2": "neighborhood"
  },
  {
    "0": "7",
    "1": "Grays Ferry (Philadelphia neighborhood)",
    "2": "neighborhood"
  },
  {
    "0": "8",
    "1": "Olney (Philadelphia neighborhood)",
    "2": "neighborhood"
  },
  {
    "0": "9",
    "1": "Pennypack Park (Philadelphia neighborhood)",
    "2": "neighborhood"
  },
  {
    "0": "10",
    "1": "Somerton (Philadelphia neighborhood)",
    "2": "neighborhood"
  },
  {
    "0": "11",
    "1": "West Mount Airy (Philadelphia neighborhood)",
    "2": "neighborhood"
  },
  {
    "0": "12",
    "1": "West Oak Lane (Philadelphia neighborhood)",
    "2": "neighborhood"
  },
  {
    "0": "13",
    "1": "Wissahickon Park (Philadelphia neighborhood)",
    "2": "neighborhood"
  },
  {
    "0": "14",
    "1": "Riverfront (Philadelphia neighborhood)",
    "2": "neighborhood"
  },
  {
    "0": "15",
    "1": "Byberry (Philadelphia neighborhood)",
    "2": "neighborhood"
  },
  {
    "0": "16",
    "1": "West Torresdale (Philadelphia neighborhood)",
    "2": "neighborhood"
  },
  {
    "0": "17",
    "1": "Mechanicsville (Philadelphia neighborhood)",
    "2": "neighborhood"
  },
  {
    "0": "18",
    "1": "Parkwood Manor (Philadelphia neighborhood)",
    "2": "neighborhood"
  },
  {
    "0": "19",
    "1": "Franklin Mills (Philadelphia neighborhood)",
    "2": "neighborhood"
  },
  {
    "0": "20",
    "1": "Northeast Phila Airport (Philadelphia neighborhood)",
    "2": "neighborhood"
  },
  {
    "0": "21",
    "1": "Modena (Philadelphia neighborhood)",
    "2": "neighborhood"
  },
  {
    "0": "22",
    "1": "Morrell Park (Philadelphia neighborhood)",
    "2": "neighborhood"
  },
  {
    "0": "23",
    "1": "Millbrook (Philadelphia neighborhood)",
    "2": "neighborhood"
  },
  {
    "0": "24",
    "1": "Crestmont Farms (Philadelphia neighborhood)",
    "2": "neighborhood"
  },
  {
    "0": "25",
    "1": "Academy Gardens (Philadelphia neighborhood)",
    "2": "neighborhood"
  },
  {
    "0": "26",
    "1": "Pennypack (Philadelphia neighborhood)",
    "2": "neighborhood"
  },
  {
    "0": "27",
    "1": "Aston-Woodbridge (Philadelphia neighborhood)",
    "2": "neighborhood"
  },
  {
    "0": "28",
    "1": "Pennypack Woods (Philadelphia neighborhood)",
    "2": "neighborhood"
  },
  {
    "0": "29",
    "1": "Winchester Park (Philadelphia neighborhood)",
    "2": "neighborhood"
  },
  {
    "0": "30",
    "1": "Torresdale (Philadelphia neighborhood)",
    "2": "neighborhood"
  },
  {
    "0": "31",
    "1": "Lexington Park (Philadelphia neighborhood)",
    "2": "neighborhood"
  },
  {
    "0": "32",
    "1": "Rhawnhurst (Philadelphia neighborhood)",
    "2": "neighborhood"
  },
  {
    "0": "33",
    "1": "Fox Chase (Philadelphia neighborhood)",
    "2": "neighborhood"
  },
  {
    "0": "34",
    "1": "Burholme (Philadelphia neighborhood)",
    "2": "neighborhood"
  },
  {
    "0": "35",
    "1": "Oxford Circle (Philadelphia neighborhood)",
    "2": "neighborhood"
  },
  {
    "0": "36",
    "1": "Summerdale (Philadelphia neighborhood)",
    "2": "neighborhood"
  },
  {
    "0": "37",
    "1": "Crescentville (Philadelphia neighborhood)",
    "2": "neighborhood"
  },
  {
    "0": "38",
    "1": "Lawndale (Philadelphia neighborhood)",
    "2": "neighborhood"
  },
  {
    "0": "39",
    "1": "Northwood (Philadelphia neighborhood)",
    "2": "neighborhood"
  },
  {
    "0": "40",
    "1": "Holmesburg (Philadelphia neighborhood)",
    "2": "neighborhood"
  },
  {
    "0": "41",
    "1": "Frankford (Philadelphia neighborhood)",
    "2": "neighborhood"
  },
  {
    "0": "42",
    "1": "Mayfair (Philadelphia neighborhood)",
    "2": "neighborhood"
  },
  {
    "0": "43",
    "1": "Tacony (Philadelphia neighborhood)",
    "2": "neighborhood"
  },
  {
    "0": "44",
    "1": "Wissinoming (Philadelphia neighborhood)",
    "2": "neighborhood"
  },
  {
    "0": "45",
    "1": "Andorra (Philadelphia neighborhood)",
    "2": "neighborhood"
  },
  {
    "0": "46",
    "1": "Upper Roxborough (Philadelphia neighborhood)",
    "2": "neighborhood"
  },
  {
    "0": "47",
    "1": "Dearnley Park (Philadelphia neighborhood)",
    "2": "neighborhood"
  },
  {
    "0": "48",
    "1": "Roxborough Park (Philadelphia neighborhood)",
    "2": "neighborhood"
  },
  {
    "0": "49",
    "1": "Germany Hill (Philadelphia neighborhood)",
    "2": "neighborhood"
  },
  {
    "0": "50",
    "1": "Wissahickon Hills (Philadelphia neighborhood)",
    "2": "neighborhood"
  },
  {
    "0": "51",
    "1": "Roxborough (Philadelphia neighborhood)",
    "2": "neighborhood"
  },
  {
    "0": "52",
    "1": "Manayunk (Philadelphia neighborhood)",
    "2": "neighborhood"
  },
  {
    "0": "53",
    "1": "Wissahickon (Philadelphia neighborhood)",
    "2": "neighborhood"
  },
  {
    "0": "54",
    "1": "East Germantown (Philadelphia neighborhood)",
    "2": "neighborhood"
  },
  {
    "0": "55",
    "1": "Germantown - Morton (Philadelphia neighborhood)",
    "2": "neighborhood"
  },
  {
    "0": "56",
    "1": "West Central Germantown (Philadelphia neighborhood)",
    "2": "neighborhood"
  },
  {
    "0": "57",
    "1": "Germantown - Penn Knox (Philadelphia neighborhood)",
    "2": "neighborhood"
  },
  {
    "0": "58",
    "1": "Germantown - Westside (Philadelphia neighborhood)",
    "2": "neighborhood"
  },
  {
    "0": "59",
    "1": "Southwest Germantown (Philadelphia neighborhood)",
    "2": "neighborhood"
  },
  {
    "0": "60",
    "1": "Ogontz (Philadelphia neighborhood)",
    "2": "neighborhood"
  },
  {
    "0": "61",
    "1": "Wister (Philadelphia neighborhood)",
    "2": "neighborhood"
  },
  {
    "0": "62",
    "1": "Nicetown (Philadelphia neighborhood)",
    "2": "neighborhood"
  },
  {
    "0": "63",
    "1": "Tioga (Philadelphia neighborhood)",
    "2": "neighborhood"
  },
  {
    "0": "64",
    "1": "Allegheny West (Philadelphia neighborhood)",
    "2": "neighborhood"
  },
  {
    "0": "65",
    "1": "Glenwood (Philadelphia neighborhood)",
    "2": "neighborhood"
  },
  {
    "0": "66",
    "1": "Fern Rock (Philadelphia neighborhood)",
    "2": "neighborhood"
  },
  {
    "0": "67",
    "1": "East Oak Lane (Philadelphia neighborhood)",
    "2": "neighborhood"
  },
  {
    "0": "68",
    "1": "Melrose Park Gardens (Philadelphia neighborhood)",
    "2": "neighborhood"
  },
  {
    "0": "69",
    "1": "Franklinville (Philadelphia neighborhood)",
    "2": "neighborhood"
  },
  {
    "0": "70",
    "1": "Feltonville (Philadelphia neighborhood)",
    "2": "neighborhood"
  },
  {
    "0": "71",
    "1": "Richmond (Philadelphia neighborhood)",
    "2": "neighborhood"
  },
  {
    "0": "72",
    "1": "Port Richmond (Philadelphia neighborhood)",
    "2": "neighborhood"
  },
  {
    "0": "73",
    "1": "Hunting Park (Philadelphia neighborhood)",
    "2": "neighborhood"
  },
  {
    "0": "74",
    "1": "Juniata Park (Philadelphia neighborhood)",
    "2": "neighborhood"
  },
  {
    "0": "75",
    "1": "Harrowgate (Philadelphia neighborhood)",
    "2": "neighborhood"
  },
  {
    "0": "76",
    "1": "Fairhill (Philadelphia neighborhood)",
    "2": "neighborhood"
  },
  {
    "0": "77",
    "1": "Upper Kensington (Philadelphia neighborhood)",
    "2": "neighborhood"
  },
  {
    "0": "78",
    "1": "McGuire (Philadelphia neighborhood)",
    "2": "neighborhood"
  },
  {
    "0": "79",
    "1": "Stanton (Philadelphia neighborhood)",
    "2": "neighborhood"
  },
  {
    "0": "80",
    "1": "Brewerytown (Philadelphia neighborhood)",
    "2": "neighborhood"
  },
  {
    "0": "81",
    "1": "Sharswood (Philadelphia neighborhood)",
    "2": "neighborhood"
  },
  {
    "0": "82",
    "1": "North Central (Philadelphia neighborhood)",
    "2": "neighborhood"
  },
  {
    "0": "83",
    "1": "Yorktown (Philadelphia neighborhood)",
    "2": "neighborhood"
  },
  {
    "0": "84",
    "1": "Ludlow (Philadelphia neighborhood)",
    "2": "neighborhood"
  },
  {
    "0": "85",
    "1": "Hartranft (Philadelphia neighborhood)",
    "2": "neighborhood"
  },
  {
    "0": "86",
    "1": "West Kensington (Philadelphia neighborhood)",
    "2": "neighborhood"
  },
  {
    "0": "87",
    "1": "Fishtown - Lower Kensington (Philadelphia neighborhood)",
    "2": "neighborhood"
  },
  {
    "0": "88",
    "1": "Old Kensington (Philadelphia neighborhood)",
    "2": "neighborhood"
  },
  {
    "0": "89",
    "1": "Northern Liberties (Philadelphia neighborhood)",
    "2": "neighborhood"
  },
  {
    "0": "90",
    "1": "Logan (Philadelphia neighborhood)",
    "2": "neighborhood"
  },
  {
    "0": "91",
    "1": "Society Hill (Philadelphia neighborhood)",
    "2": "neighborhood"
  },
  {
    "0": "92",
    "1": "Old City (Philadelphia neighborhood)",
    "2": "neighborhood"
  },
  {
    "0": "93",
    "1": "Chinatown (Philadelphia neighborhood)",
    "2": "neighborhood"
  },
  {
    "0": "94",
    "1": "Center City East (Philadelphia neighborhood)",
    "2": "neighborhood"
  },
  {
    "0": "95",
    "1": "Washington Square West (Philadelphia neighborhood)",
    "2": "neighborhood"
  },
  {
    "0": "96",
    "1": "Fairmount (Philadelphia neighborhood)",
    "2": "neighborhood"
  },
  {
    "0": "97",
    "1": "Francisville (Philadelphia neighborhood)",
    "2": "neighborhood"
  },
  {
    "0": "98",
    "1": "Spring Garden (Philadelphia neighborhood)",
    "2": "neighborhood"
  },
  {
    "0": "99",
    "1": "Logan Square (Philadelphia neighborhood)",
    "2": "neighborhood"
  },
  {
    "0": "100",
    "1": "Rittenhouse (Philadelphia neighborhood)",
    "2": "neighborhood"
  },
  {
    "0": "101",
    "1": "Fitler Square (Philadelphia neighborhood)",
    "2": "neighborhood"
  },
  {
    "0": "102",
    "1": "Graduate Hospital (Philadelphia neighborhood)",
    "2": "neighborhood"
  },
  {
    "0": "103",
    "1": "Point Breeze (Philadelphia neighborhood)",
    "2": "neighborhood"
  },
  {
    "0": "104",
    "1": "Hawthorne (Philadelphia neighborhood)",
    "2": "neighborhood"
  },
  {
    "0": "105",
    "1": "Bella Vista (Philadelphia neighborhood)",
    "2": "neighborhood"
  },
  {
    "0": "106",
    "1": "Queen Village (Philadelphia neighborhood)",
    "2": "neighborhood"
  },
  {
    "0": "107",
    "1": "Dickinson Narrows (Philadelphia neighborhood)",
    "2": "neighborhood"
  },
  {
    "0": "108",
    "1": "Passyunk Square (Philadelphia neighborhood)",
    "2": "neighborhood"
  },
  {
    "0": "109",
    "1": "Greenwich (Philadelphia neighborhood)",
    "2": "neighborhood"
  },
  {
    "0": "110",
    "1": "Lower Moyamensing (Philadelphia neighborhood)",
    "2": "neighborhood"
  },
  {
    "0": "111",
    "1": "Whitman (Philadelphia neighborhood)",
    "2": "neighborhood"
  },
  {
    "0": "112",
    "1": "Industrial (Philadelphia neighborhood)",
    "2": "neighborhood"
  },
  {
    "0": "113",
    "1": "Airport (Philadelphia neighborhood)",
    "2": "neighborhood"
  },
  {
    "0": "114",
    "1": "Clearview (Philadelphia neighborhood)",
    "2": "neighborhood"
  },
  {
    "0": "115",
    "1": "Penrose (Philadelphia neighborhood)",
    "2": "neighborhood"
  },
  {
    "0": "116",
    "1": "Paschall (Philadelphia neighborhood)",
    "2": "neighborhood"
  },
  {
    "0": "117",
    "1": "Bartram Village (Philadelphia neighborhood)",
    "2": "neighborhood"
  },
  {
    "0": "118",
    "1": "Kingsessing (Philadelphia neighborhood)",
    "2": "neighborhood"
  },
  {
    "0": "119",
    "1": "Cobbs Creek (Philadelphia neighborhood)",
    "2": "neighborhood"
  },
  {
    "0": "120",
    "1": "Walnut Hill (Philadelphia neighborhood)",
    "2": "neighborhood"
  },
  {
    "0": "121",
    "1": "Cedar Park (Philadelphia neighborhood)",
    "2": "neighborhood"
  },
  {
    "0": "122",
    "1": "Garden Court (Philadelphia neighborhood)",
    "2": "neighborhood"
  },
  {
    "0": "123",
    "1": "Woodland Terrace (Philadelphia neighborhood)",
    "2": "neighborhood"
  },
  {
    "0": "124",
    "1": "Spruce Hill (Philadelphia neighborhood)",
    "2": "neighborhood"
  },
  {
    "0": "125",
    "1": "Southwest Schuylkill (Philadelphia neighborhood)",
    "2": "neighborhood"
  },
  {
    "0": "126",
    "1": "University City (Philadelphia neighborhood)",
    "2": "neighborhood"
  },
  {
    "0": "127",
    "1": "Powelton (Philadelphia neighborhood)",
    "2": "neighborhood"
  },
  {
    "0": "128",
    "1": "West Powelton (Philadelphia neighborhood)",
    "2": "neighborhood"
  },
  {
    "0": "129",
    "1": "East Parkside (Philadelphia neighborhood)",
    "2": "neighborhood"
  },
  {
    "0": "130",
    "1": "Belmont (Philadelphia neighborhood)",
    "2": "neighborhood"
  },
  {
    "0": "131",
    "1": "Haverford North (Philadelphia neighborhood)",
    "2": "neighborhood"
  },
  {
    "0": "132",
    "1": "West Parkside (Philadelphia neighborhood)",
    "2": "neighborhood"
  },
  {
    "0": "133",
    "1": "Mill Creek (Philadelphia neighborhood)",
    "2": "neighborhood"
  },
  {
    "0": "134",
    "1": "Dunlap (Philadelphia neighborhood)",
    "2": "neighborhood"
  },
  {
    "0": "135",
    "1": "Mantua (Philadelphia neighborhood)",
    "2": "neighborhood"
  },
  {
    "0": "136",
    "1": "Haddington (Philadelphia neighborhood)",
    "2": "neighborhood"
  },
  {
    "0": "137",
    "1": "Carroll Park (Philadelphia neighborhood)",
    "2": "neighborhood"
  },
  {
    "0": "138",
    "1": "Overbrook (Philadelphia neighborhood)",
    "2": "neighborhood"
  },
  {
    "0": "139",
    "1": "Wynnefield Heights (Philadelphia neighborhood)",
    "2": "neighborhood"
  },
  {
    "0": "140",
    "1": "Callowhill (Philadelphia neighborhood)",
    "2": "neighborhood"
  },
  {
    "0": "141",
    "1": "West Poplar (Philadelphia neighborhood)",
    "2": "neighborhood"
  },
  {
    "0": "142",
    "1": "East Poplar (Philadelphia neighborhood)",
    "2": "neighborhood"
  },
  {
    "0": "143",
    "1": "Strawberry Mansion (Philadelphia neighborhood)",
    "2": "neighborhood"
  },
  {
    "0": "144",
    "1": "East Park (Philadelphia neighborhood)",
    "2": "neighborhood"
  },
  {
    "0": "145",
    "1": "Wynnefield (Philadelphia neighborhood)",
    "2": "neighborhood"
  },
  {
    "0": "146",
    "1": "West Park (Philadelphia neighborhood)",
    "2": "neighborhood"
  },
  {
    "0": "147",
    "1": "Normandy Village (Philadelphia neighborhood)",
    "2": "neighborhood"
  },
  {
    "0": "148",
    "1": "Stadium District (Philadelphia neighborhood)",
    "2": "neighborhood"
  },
  {
    "0": "149",
    "1": "Navy Yard (Philadelphia neighborhood)",
    "2": "neighborhood"
  },
  {
    "0": "150",
    "1": "East Kensington (Philadelphia neighborhood)",
    "2": "neighborhood"
  },
  {
    "0": "151",
    "1": "Elmwood (Philadelphia neighborhood)",
    "2": "neighborhood"
  },
  {
    "0": "152",
    "1": "Girard Estates (Philadelphia neighborhood)",
    "2": "neighborhood"
  },
  {
    "0": "153",
    "1": "Eastwick (Philadelphia neighborhood)",
    "2": "neighborhood"
  },
  {
    "0": "154",
    "1": "Packer Park (Philadelphia neighborhood)",
    "2": "neighborhood"
  },
  {
    "0": "155",
    "1": "Pennsport (Philadelphia neighborhood)",
    "2": "neighborhood"
  },
  {
    "0": "156",
    "1": "Newbold (Philadelphia neighborhood)",
    "2": "neighborhood"
  },
  {
    "0": "157",
    "1": "West Passyunk (Philadelphia neighborhood)",
    "2": "neighborhood"
  },
  {
    "0": "158",
    "1": "East Passyunk (Philadelphia neighborhood)",
    "2": "neighborhood"
  },
  {
    "0": "08002",
    "1": "Cherry Hill, NJ 08002",
    "2": "zip"
  },
  {
    "0": "08003",
    "1": "Cherry Hill, NJ 08003",
    "2": "zip"
  },
  {
    "0": "08004",
    "1": "Atco, NJ 08004",
    "2": "zip"
  },
  {
    "0": "08005",
    "1": "Barnegat, NJ 08005",
    "2": "zip"
  },
  {
    "0": "08007",
    "1": "Barrington, NJ 08007",
    "2": "zip"
  },
  {
    "0": "08009",
    "1": "Berlin, NJ 08009",
    "2": "zip"
  },
  {
    "0": "08010",
    "1": "Beverly, NJ 08010",
    "2": "zip"
  },
  {
    "0": "08012",
    "1": "Blackwood, NJ 08012",
    "2": "zip"
  },
  {
    "0": "08014",
    "1": "Bridgeport, NJ 08014",
    "2": "zip"
  },
  {
    "0": "08015",
    "1": "Browns Mills, NJ 08015",
    "2": "zip"
  },
  {
    "0": "08016",
    "1": "Burlington, NJ 08016",
    "2": "zip"
  },
  {
    "0": "08019",
    "1": "Chatsworth, NJ 08019",
    "2": "zip"
  },
  {
    "0": "08020",
    "1": "Clarksboro, NJ 08020",
    "2": "zip"
  },
  {
    "0": "08021",
    "1": "Clementon, NJ 08021",
    "2": "zip"
  },
  {
    "0": "08022",
    "1": "Columbus, NJ 08022",
    "2": "zip"
  },
  {
    "0": "08026",
    "1": "Gibbsboro, NJ 08026",
    "2": "zip"
  },
  {
    "0": "08027",
    "1": "Gibbstown, NJ 08027",
    "2": "zip"
  },
  {
    "0": "08028",
    "1": "Glassboro, NJ 08028",
    "2": "zip"
  },
  {
    "0": "08029",
    "1": "Glendora, NJ 08029",
    "2": "zip"
  },
  {
    "0": "08030",
    "1": "Gloucester City, NJ 08030",
    "2": "zip"
  },
  {
    "0": "08031",
    "1": "Bellmawr, NJ 08031",
    "2": "zip"
  },
  {
    "0": "08032",
    "1": "Grenloch, NJ 08032",
    "2": "zip"
  },
  {
    "0": "08033",
    "1": "Haddonfield, NJ 08033",
    "2": "zip"
  },
  {
    "0": "08034",
    "1": "Cherry Hill, NJ 08034",
    "2": "zip"
  },
  {
    "0": "08035",
    "1": "Haddon Heights, NJ 08035",
    "2": "zip"
  },
  {
    "0": "08036",
    "1": "Hainesport, NJ 08036",
    "2": "zip"
  },
  {
    "0": "08037",
    "1": "Hammonton, NJ 08037",
    "2": "zip"
  },
  {
    "0": "08041",
    "1": "Jobstown, NJ 08041",
    "2": "zip"
  },
  {
    "0": "08043",
    "1": "Voorhees, NJ 08043",
    "2": "zip"
  },
  {
    "0": "08045",
    "1": "Lawnside, NJ 08045",
    "2": "zip"
  },
  {
    "0": "08046",
    "1": "Willingboro, NJ 08046",
    "2": "zip"
  },
  {
    "0": "08048",
    "1": "Lumberton, NJ 08048",
    "2": "zip"
  },
  {
    "0": "08049",
    "1": "Magnolia, NJ 08049",
    "2": "zip"
  },
  {
    "0": "08051",
    "1": "Mantua, NJ 08051",
    "2": "zip"
  },
  {
    "0": "08052",
    "1": "Maple Shade, NJ 08052",
    "2": "zip"
  },
  {
    "0": "08053",
    "1": "Marlton, NJ 08053",
    "2": "zip"
  },
  {
    "0": "08054",
    "1": "Mount Laurel, NJ 08054",
    "2": "zip"
  },
  {
    "0": "08055",
    "1": "Medford, NJ 08055",
    "2": "zip"
  },
  {
    "0": "08056",
    "1": "Mickleton, NJ 08056",
    "2": "zip"
  },
  {
    "0": "08057",
    "1": "Moorestown, NJ 08057",
    "2": "zip"
  },
  {
    "0": "08059",
    "1": "Mount Ephraim, NJ 08059",
    "2": "zip"
  },
  {
    "0": "08060",
    "1": "Mount Holly, NJ 08060",
    "2": "zip"
  },
  {
    "0": "08061",
    "1": "Mount Royal, NJ 08061",
    "2": "zip"
  },
  {
    "0": "08062",
    "1": "Mullica Hill, NJ 08062",
    "2": "zip"
  },
  {
    "0": "08063",
    "1": "National Park, NJ 08063",
    "2": "zip"
  },
  {
    "0": "08065",
    "1": "Palmyra, NJ 08065",
    "2": "zip"
  },
  {
    "0": "08066",
    "1": "Paulsboro, NJ 08066",
    "2": "zip"
  },
  {
    "0": "08067",
    "1": "Pedricktown, NJ 08067",
    "2": "zip"
  },
  {
    "0": "08068",
    "1": "Pemberton, NJ 08068",
    "2": "zip"
  },
  {
    "0": "08071",
    "1": "Pitman, NJ 08071",
    "2": "zip"
  },
  {
    "0": "08075",
    "1": "Riverside, NJ 08075",
    "2": "zip"
  },
  {
    "0": "08077",
    "1": "Riverton, NJ 08077",
    "2": "zip"
  },
  {
    "0": "08078",
    "1": "Runnemede, NJ 08078",
    "2": "zip"
  },
  {
    "0": "08080",
    "1": "Sewell, NJ 08080",
    "2": "zip"
  },
  {
    "0": "08081",
    "1": "Sicklerville, NJ 08081",
    "2": "zip"
  },
  {
    "0": "08083",
    "1": "Somerdale, NJ 08083",
    "2": "zip"
  },
  {
    "0": "08084",
    "1": "Stratford, NJ 08084",
    "2": "zip"
  },
  {
    "0": "08085",
    "1": "Swedesboro, NJ 08085",
    "2": "zip"
  },
  {
    "0": "08086",
    "1": "Thorofare, NJ 08086",
    "2": "zip"
  },
  {
    "0": "08087",
    "1": "Tuckerton, NJ 08087",
    "2": "zip"
  },
  {
    "0": "08088",
    "1": "Vincentown, NJ 08088",
    "2": "zip"
  },
  {
    "0": "08089",
    "1": "Waterford Works, NJ 08089",
    "2": "zip"
  },
  {
    "0": "08090",
    "1": "Wenonah, NJ 08090",
    "2": "zip"
  },
  {
    "0": "08091",
    "1": "West Berlin, NJ 08091",
    "2": "zip"
  },
  {
    "0": "08093",
    "1": "Westville, NJ 08093",
    "2": "zip"
  },
  {
    "0": "08094",
    "1": "Williamstown, NJ 08094",
    "2": "zip"
  },
  {
    "0": "08096",
    "1": "Woodbury, NJ 08096",
    "2": "zip"
  },
  {
    "0": "08097",
    "1": "Woodbury Heights, NJ 08097",
    "2": "zip"
  },
  {
    "0": "08098",
    "1": "Woodstown, NJ 08098",
    "2": "zip"
  },
  {
    "0": "08102",
    "1": "Camden, NJ 08102",
    "2": "zip"
  },
  {
    "0": "08103",
    "1": "Camden, NJ 08103",
    "2": "zip"
  },
  {
    "0": "08104",
    "1": "Camden, NJ 08104",
    "2": "zip"
  },
  {
    "0": "08105",
    "1": "Camden, NJ 08105",
    "2": "zip"
  },
  {
    "0": "08106",
    "1": "Audubon, NJ 08106",
    "2": "zip"
  },
  {
    "0": "08107",
    "1": "Oaklyn, NJ 08107",
    "2": "zip"
  },
  {
    "0": "08108",
    "1": "Collingswood, NJ 08108",
    "2": "zip"
  },
  {
    "0": "08109",
    "1": "Merchantville, NJ 08109",
    "2": "zip"
  },
  {
    "0": "08110",
    "1": "Pennsauken, NJ 08110",
    "2": "zip"
  },
  {
    "0": "08215",
    "1": "Egg Harbor City, NJ 08215",
    "2": "zip"
  },
  {
    "0": "08241",
    "1": "Port Republic, NJ 08241",
    "2": "zip"
  },
  {
    "0": "08312",
    "1": "Clayton, NJ 08312",
    "2": "zip"
  },
  {
    "0": "08318",
    "1": "Elmer, NJ 08318",
    "2": "zip"
  },
  {
    "0": "08322",
    "1": "Franklinville, NJ 08322",
    "2": "zip"
  },
  {
    "0": "08328",
    "1": "Malaga, NJ 08328",
    "2": "zip"
  },
  {
    "0": "08343",
    "1": "Monroeville, NJ 08343",
    "2": "zip"
  },
  {
    "0": "08344",
    "1": "Newfield, NJ 08344",
    "2": "zip"
  },
  {
    "0": "08360",
    "1": "Vineland, NJ 08360",
    "2": "zip"
  },
  {
    "0": "08501",
    "1": "Allentown, NJ 08501",
    "2": "zip"
  },
  {
    "0": "08505",
    "1": "Bordentown, NJ 08505",
    "2": "zip"
  },
  {
    "0": "08511",
    "1": "Cookstown, NJ 08511",
    "2": "zip"
  },
  {
    "0": "08512",
    "1": "Cranbury, NJ 08512",
    "2": "zip"
  },
  {
    "0": "08514",
    "1": "Cream Ridge, NJ 08514",
    "2": "zip"
  },
  {
    "0": "08515",
    "1": "Chesterfield, NJ 08515",
    "2": "zip"
  },
  {
    "0": "08518",
    "1": "Florence, NJ 08518",
    "2": "zip"
  },
  {
    "0": "08520",
    "1": "Hightstown, NJ 08520",
    "2": "zip"
  },
  {
    "0": "08525",
    "1": "Hopewell, NJ 08525",
    "2": "zip"
  },
  {
    "0": "08530",
    "1": "Lambertville, NJ 08530",
    "2": "zip"
  },
  {
    "0": "08533",
    "1": "New Egypt, NJ 08533",
    "2": "zip"
  },
  {
    "0": "08534",
    "1": "Pennington, NJ 08534",
    "2": "zip"
  },
  {
    "0": "08535",
    "1": "Millstone Township, NJ 08535",
    "2": "zip"
  },
  {
    "0": "08536",
    "1": "Plainsboro, NJ 08536",
    "2": "zip"
  },
  {
    "0": "08540",
    "1": "Princeton, NJ 08540",
    "2": "zip"
  },
  {
    "0": "08542",
    "1": "Princeton, NJ 08542",
    "2": "zip"
  },
  {
    "0": "08544",
    "1": "Princeton, NJ 08544",
    "2": "zip"
  },
  {
    "0": "08550",
    "1": "Princeton Junction, NJ 08550",
    "2": "zip"
  },
  {
    "0": "08554",
    "1": "Roebling, NJ 08554",
    "2": "zip"
  },
  {
    "0": "08558",
    "1": "Skillman, NJ 08558",
    "2": "zip"
  },
  {
    "0": "08559",
    "1": "Stockton, NJ 08559",
    "2": "zip"
  },
  {
    "0": "08560",
    "1": "Titusville, NJ 08560",
    "2": "zip"
  },
  {
    "0": "08562",
    "1": "Wrightstown, NJ 08562",
    "2": "zip"
  },
  {
    "0": "08608",
    "1": "Trenton, NJ 08608",
    "2": "zip"
  },
  {
    "0": "08609",
    "1": "Trenton, NJ 08609",
    "2": "zip"
  },
  {
    "0": "08610",
    "1": "Trenton, NJ 08610",
    "2": "zip"
  },
  {
    "0": "08611",
    "1": "Trenton, NJ 08611",
    "2": "zip"
  },
  {
    "0": "08618",
    "1": "Trenton, NJ 08618",
    "2": "zip"
  },
  {
    "0": "08619",
    "1": "Trenton, NJ 08619",
    "2": "zip"
  },
  {
    "0": "08620",
    "1": "Trenton, NJ 08620",
    "2": "zip"
  },
  {
    "0": "08628",
    "1": "Trenton, NJ 08628",
    "2": "zip"
  },
  {
    "0": "08629",
    "1": "Trenton, NJ 08629",
    "2": "zip"
  },
  {
    "0": "08638",
    "1": "Trenton, NJ 08638",
    "2": "zip"
  },
  {
    "0": "08640",
    "1": "Fort Dix, NJ 08640",
    "2": "zip"
  },
  {
    "0": "08641",
    "1": "Trenton, NJ 08641",
    "2": "zip"
  },
  {
    "0": "08648",
    "1": "Lawrence Township, NJ 08648",
    "2": "zip"
  },
  {
    "0": "08690",
    "1": "Trenton, NJ 08690",
    "2": "zip"
  },
  {
    "0": "08691",
    "1": "Trenton, NJ 08691",
    "2": "zip"
  },
  {
    "0": "08733",
    "1": "Lakehurst, NJ 08733",
    "2": "zip"
  },
  {
    "0": "08759",
    "1": "Manchester Township, NJ 08759",
    "2": "zip"
  },
  {
    "0": "08825",
    "1": "Frenchtown, NJ 08825",
    "2": "zip"
  },
  {
    "0": "08831",
    "1": "Monroe Township, NJ 08831",
    "2": "zip"
  },
  {
    "0": "08848",
    "1": "Milford, NJ 08848",
    "2": "zip"
  },
  {
    "0": "08865",
    "1": "Phillipsburg, NJ 08865",
    "2": "zip"
  },
  {
    "0": "17509",
    "1": "Christiana, PA 17509",
    "2": "zip"
  },
  {
    "0": "17527",
    "1": "Gap, PA 17527",
    "2": "zip"
  },
  {
    "0": "17536",
    "1": "Kirkwood, PA 17536",
    "2": "zip"
  },
  {
    "0": "17555",
    "1": "Narvon, PA 17555",
    "2": "zip"
  },
  {
    "0": "17563",
    "1": "Peach Bottom, PA 17563",
    "2": "zip"
  },
  {
    "0": "18036",
    "1": "Coopersburg, PA 18036",
    "2": "zip"
  },
  {
    "0": "18041",
    "1": "East Greenville, PA 18041",
    "2": "zip"
  },
  {
    "0": "18042",
    "1": "Easton, PA 18042",
    "2": "zip"
  },
  {
    "0": "18054",
    "1": "Green Lane, PA 18054",
    "2": "zip"
  },
  {
    "0": "18055",
    "1": "Hellertown, PA 18055",
    "2": "zip"
  },
  {
    "0": "18070",
    "1": "Palm, PA 18070",
    "2": "zip"
  },
  {
    "0": "18073",
    "1": "Pennsburg, PA 18073",
    "2": "zip"
  },
  {
    "0": "18074",
    "1": "Perkiomenville, PA 18074",
    "2": "zip"
  },
  {
    "0": "18076",
    "1": "Red Hill, PA 18076",
    "2": "zip"
  },
  {
    "0": "18077",
    "1": "Riegelsville, PA 18077",
    "2": "zip"
  },
  {
    "0": "18901",
    "1": "Doylestown, PA 18901",
    "2": "zip"
  },
  {
    "0": "18902",
    "1": "Doylestown, PA 18902",
    "2": "zip"
  },
  {
    "0": "18913",
    "1": "Carversville, PA 18913",
    "2": "zip"
  },
  {
    "0": "18914",
    "1": "Chalfont, PA 18914",
    "2": "zip"
  },
  {
    "0": "18915",
    "1": "Colmar, PA 18915",
    "2": "zip"
  },
  {
    "0": "18917",
    "1": "Dublin, PA 18917",
    "2": "zip"
  },
  {
    "0": "18920",
    "1": "Erwinna, PA 18920",
    "2": "zip"
  },
  {
    "0": "18923",
    "1": "Fountainville, PA 18923",
    "2": "zip"
  },
  {
    "0": "18925",
    "1": "Furlong, PA 18925",
    "2": "zip"
  },
  {
    "0": "18927",
    "1": "Hilltown, PA 18927",
    "2": "zip"
  },
  {
    "0": "18929",
    "1": "Jamison, PA 18929",
    "2": "zip"
  },
  {
    "0": "18930",
    "1": "Kintnersville, PA 18930",
    "2": "zip"
  },
  {
    "0": "18932",
    "1": "Line Lexington, PA 18932",
    "2": "zip"
  },
  {
    "0": "18933",
    "1": "Lumberville, PA 18933",
    "2": "zip"
  },
  {
    "0": "18934",
    "1": "Mechanicsville, PA 18934",
    "2": "zip"
  },
  {
    "0": "18936",
    "1": "Montgomeryville, PA 18936",
    "2": "zip"
  },
  {
    "0": "18938",
    "1": "New Hope, PA 18938",
    "2": "zip"
  },
  {
    "0": "18940",
    "1": "Newtown, PA 18940",
    "2": "zip"
  },
  {
    "0": "18942",
    "1": "Ottsville, PA 18942",
    "2": "zip"
  },
  {
    "0": "18944",
    "1": "Perkasie, PA 18944",
    "2": "zip"
  },
  {
    "0": "18947",
    "1": "Pipersville, PA 18947",
    "2": "zip"
  },
  {
    "0": "18951",
    "1": "Quakertown, PA 18951",
    "2": "zip"
  },
  {
    "0": "18954",
    "1": "Richboro, PA 18954",
    "2": "zip"
  },
  {
    "0": "18955",
    "1": "Richlandtown, PA 18955",
    "2": "zip"
  },
  {
    "0": "18960",
    "1": "Sellersville, PA 18960",
    "2": "zip"
  },
  {
    "0": "18964",
    "1": "Souderton, PA 18964",
    "2": "zip"
  },
  {
    "0": "18966",
    "1": "Southampton, PA 18966",
    "2": "zip"
  },
  {
    "0": "18969",
    "1": "Telford, PA 18969",
    "2": "zip"
  },
  {
    "0": "18972",
    "1": "Upper Black Eddy, PA 18972",
    "2": "zip"
  },
  {
    "0": "18974",
    "1": "Warminster, PA 18974",
    "2": "zip"
  },
  {
    "0": "18976",
    "1": "Warrington, PA 18976",
    "2": "zip"
  },
  {
    "0": "18977",
    "1": "Washington Crossing, PA 18977",
    "2": "zip"
  },
  {
    "0": "19001",
    "1": "Abington, PA 19001",
    "2": "zip"
  },
  {
    "0": "19002",
    "1": "Ambler, PA 19002",
    "2": "zip"
  },
  {
    "0": "19003",
    "1": "Ardmore, PA 19003",
    "2": "zip"
  },
  {
    "0": "19004",
    "1": "Bala Cynwyd, PA 19004",
    "2": "zip"
  },
  {
    "0": "19006",
    "1": "Huntingdon Valley, PA 19006",
    "2": "zip"
  },
  {
    "0": "19007",
    "1": "Bristol, PA 19007",
    "2": "zip"
  },
  {
    "0": "19008",
    "1": "Broomall, PA 19008",
    "2": "zip"
  },
  {
    "0": "19009",
    "1": "Bryn Athyn, PA 19009",
    "2": "zip"
  },
  {
    "0": "19010",
    "1": "Bryn Mawr, PA 19010",
    "2": "zip"
  },
  {
    "0": "19012",
    "1": "Cheltenham, PA 19012",
    "2": "zip"
  },
  {
    "0": "19013",
    "1": "Chester, PA 19013",
    "2": "zip"
  },
  {
    "0": "19014",
    "1": "Aston, PA 19014",
    "2": "zip"
  },
  {
    "0": "19015",
    "1": "Brookhaven, PA 19015",
    "2": "zip"
  },
  {
    "0": "19018",
    "1": "Clifton Heights, PA 19018",
    "2": "zip"
  },
  {
    "0": "19020",
    "1": "Bensalem, PA 19020",
    "2": "zip"
  },
  {
    "0": "19021",
    "1": "Croydon, PA 19021",
    "2": "zip"
  },
  {
    "0": "19022",
    "1": "Crum Lynne, PA 19022",
    "2": "zip"
  },
  {
    "0": "19023",
    "1": "Darby, PA 19023",
    "2": "zip"
  },
  {
    "0": "19025",
    "1": "Dresher, PA 19025",
    "2": "zip"
  },
  {
    "0": "19026",
    "1": "Drexel Hill, PA 19026",
    "2": "zip"
  },
  {
    "0": "19027",
    "1": "Elkins Park, PA 19027",
    "2": "zip"
  },
  {
    "0": "19029",
    "1": "Essington, PA 19029",
    "2": "zip"
  },
  {
    "0": "19030",
    "1": "Fairless Hills, PA 19030",
    "2": "zip"
  },
  {
    "0": "19031",
    "1": "Flourtown, PA 19031",
    "2": "zip"
  },
  {
    "0": "19032",
    "1": "Folcroft, PA 19032",
    "2": "zip"
  },
  {
    "0": "19033",
    "1": "Folsom, PA 19033",
    "2": "zip"
  },
  {
    "0": "19034",
    "1": "Fort Washington, PA 19034",
    "2": "zip"
  },
  {
    "0": "19035",
    "1": "Gladwyne, PA 19035",
    "2": "zip"
  },
  {
    "0": "19036",
    "1": "Glenolden, PA 19036",
    "2": "zip"
  },
  {
    "0": "19038",
    "1": "Glenside, PA 19038",
    "2": "zip"
  },
  {
    "0": "19040",
    "1": "Hatboro, PA 19040",
    "2": "zip"
  },
  {
    "0": "19041",
    "1": "Haverford, PA 19041",
    "2": "zip"
  },
  {
    "0": "19043",
    "1": "Holmes, PA 19043",
    "2": "zip"
  },
  {
    "0": "19044",
    "1": "Horsham, PA 19044",
    "2": "zip"
  },
  {
    "0": "19046",
    "1": "Jenkintown, PA 19046",
    "2": "zip"
  },
  {
    "0": "19047",
    "1": "Langhorne, PA 19047",
    "2": "zip"
  },
  {
    "0": "19050",
    "1": "Lansdowne, PA 19050",
    "2": "zip"
  },
  {
    "0": "19053",
    "1": "Feasterville Trevose, PA 19053",
    "2": "zip"
  },
  {
    "0": "19054",
    "1": "Levittown, PA 19054",
    "2": "zip"
  },
  {
    "0": "19055",
    "1": "Levittown, PA 19055",
    "2": "zip"
  },
  {
    "0": "19056",
    "1": "Levittown, PA 19056",
    "2": "zip"
  },
  {
    "0": "19057",
    "1": "Levittown, PA 19057",
    "2": "zip"
  },
  {
    "0": "19060",
    "1": "Garnet Valley, PA 19060",
    "2": "zip"
  },
  {
    "0": "19061",
    "1": "Marcus Hook, PA 19061",
    "2": "zip"
  },
  {
    "0": "19063",
    "1": "Media, PA 19063",
    "2": "zip"
  },
  {
    "0": "19064",
    "1": "Springfield, PA 19064",
    "2": "zip"
  },
  {
    "0": "19066",
    "1": "Merion Station, PA 19066",
    "2": "zip"
  },
  {
    "0": "19067",
    "1": "Morrisville, PA 19067",
    "2": "zip"
  },
  {
    "0": "19070",
    "1": "Morton, PA 19070",
    "2": "zip"
  },
  {
    "0": "19072",
    "1": "Narberth, PA 19072",
    "2": "zip"
  },
  {
    "0": "19073",
    "1": "Newtown Square, PA 19073",
    "2": "zip"
  },
  {
    "0": "19074",
    "1": "Norwood, PA 19074",
    "2": "zip"
  },
  {
    "0": "19075",
    "1": "Oreland, PA 19075",
    "2": "zip"
  },
  {
    "0": "19076",
    "1": "Prospect Park, PA 19076",
    "2": "zip"
  },
  {
    "0": "19078",
    "1": "Ridley Park, PA 19078",
    "2": "zip"
  },
  {
    "0": "19079",
    "1": "Sharon Hill, PA 19079",
    "2": "zip"
  },
  {
    "0": "19081",
    "1": "Swarthmore, PA 19081",
    "2": "zip"
  },
  {
    "0": "19082",
    "1": "Upper Darby, PA 19082",
    "2": "zip"
  },
  {
    "0": "19083",
    "1": "Havertown, PA 19083",
    "2": "zip"
  },
  {
    "0": "19085",
    "1": "Villanova, PA 19085",
    "2": "zip"
  },
  {
    "0": "19086",
    "1": "Wallingford, PA 19086",
    "2": "zip"
  },
  {
    "0": "19087",
    "1": "Wayne, PA 19087",
    "2": "zip"
  },
  {
    "0": "19090",
    "1": "Willow Grove, PA 19090",
    "2": "zip"
  },
  {
    "0": "19094",
    "1": "Woodlyn, PA 19094",
    "2": "zip"
  },
  {
    "0": "19095",
    "1": "Wyncote, PA 19095",
    "2": "zip"
  },
  {
    "0": "19096",
    "1": "Wynnewood, PA 19096",
    "2": "zip"
  },
  {
    "0": "19102",
    "1": "Philadelphia, PA 19102",
    "2": "zip"
  },
  {
    "0": "19103",
    "1": "Philadelphia, PA 19103",
    "2": "zip"
  },
  {
    "0": "19104",
    "1": "Philadelphia, PA 19104",
    "2": "zip"
  },
  {
    "0": "19106",
    "1": "Philadelphia, PA 19106",
    "2": "zip"
  },
  {
    "0": "19107",
    "1": "Philadelphia, PA 19107",
    "2": "zip"
  },
  {
    "0": "19111",
    "1": "Philadelphia, PA 19111",
    "2": "zip"
  },
  {
    "0": "19112",
    "1": "Philadelphia, PA 19112",
    "2": "zip"
  },
  {
    "0": "19113",
    "1": "Philadelphia, PA 19113",
    "2": "zip"
  },
  {
    "0": "19114",
    "1": "Philadelphia, PA 19114",
    "2": "zip"
  },
  {
    "0": "19115",
    "1": "Philadelphia, PA 19115",
    "2": "zip"
  },
  {
    "0": "19116",
    "1": "Philadelphia, PA 19116",
    "2": "zip"
  },
  {
    "0": "19118",
    "1": "Philadelphia, PA 19118",
    "2": "zip"
  },
  {
    "0": "19119",
    "1": "Philadelphia, PA 19119",
    "2": "zip"
  },
  {
    "0": "19120",
    "1": "Philadelphia, PA 19120",
    "2": "zip"
  },
  {
    "0": "19121",
    "1": "Philadelphia, PA 19121",
    "2": "zip"
  },
  {
    "0": "19122",
    "1": "Philadelphia, PA 19122",
    "2": "zip"
  },
  {
    "0": "19123",
    "1": "Philadelphia, PA 19123",
    "2": "zip"
  },
  {
    "0": "19124",
    "1": "Philadelphia, PA 19124",
    "2": "zip"
  },
  {
    "0": "19125",
    "1": "Philadelphia, PA 19125",
    "2": "zip"
  },
  {
    "0": "19126",
    "1": "Philadelphia, PA 19126",
    "2": "zip"
  },
  {
    "0": "19127",
    "1": "Philadelphia, PA 19127",
    "2": "zip"
  },
  {
    "0": "19128",
    "1": "Philadelphia, PA 19128",
    "2": "zip"
  },
  {
    "0": "19129",
    "1": "Philadelphia, PA 19129",
    "2": "zip"
  },
  {
    "0": "19130",
    "1": "Philadelphia, PA 19130",
    "2": "zip"
  },
  {
    "0": "19131",
    "1": "Philadelphia, PA 19131",
    "2": "zip"
  },
  {
    "0": "19132",
    "1": "Philadelphia, PA 19132",
    "2": "zip"
  },
  {
    "0": "19133",
    "1": "Philadelphia, PA 19133",
    "2": "zip"
  },
  {
    "0": "19134",
    "1": "Philadelphia, PA 19134",
    "2": "zip"
  },
  {
    "0": "19135",
    "1": "Philadelphia, PA 19135",
    "2": "zip"
  },
  {
    "0": "19136",
    "1": "Philadelphia, PA 19136",
    "2": "zip"
  },
  {
    "0": "19137",
    "1": "Philadelphia, PA 19137",
    "2": "zip"
  },
  {
    "0": "19138",
    "1": "Philadelphia, PA 19138",
    "2": "zip"
  },
  {
    "0": "19139",
    "1": "Philadelphia, PA 19139",
    "2": "zip"
  },
  {
    "0": "19140",
    "1": "Philadelphia, PA 19140",
    "2": "zip"
  },
  {
    "0": "19141",
    "1": "Philadelphia, PA 19141",
    "2": "zip"
  },
  {
    "0": "19142",
    "1": "Philadelphia, PA 19142",
    "2": "zip"
  },
  {
    "0": "19143",
    "1": "Philadelphia, PA 19143",
    "2": "zip"
  },
  {
    "0": "19144",
    "1": "Philadelphia, PA 19144",
    "2": "zip"
  },
  {
    "0": "19145",
    "1": "Philadelphia, PA 19145",
    "2": "zip"
  },
  {
    "0": "19146",
    "1": "Philadelphia, PA 19146",
    "2": "zip"
  },
  {
    "0": "19147",
    "1": "Philadelphia, PA 19147",
    "2": "zip"
  },
  {
    "0": "19148",
    "1": "Philadelphia, PA 19148",
    "2": "zip"
  },
  {
    "0": "19149",
    "1": "Philadelphia, PA 19149",
    "2": "zip"
  },
  {
    "0": "19150",
    "1": "Philadelphia, PA 19150",
    "2": "zip"
  },
  {
    "0": "19151",
    "1": "Philadelphia, PA 19151",
    "2": "zip"
  },
  {
    "0": "19152",
    "1": "Philadelphia, PA 19152",
    "2": "zip"
  },
  {
    "0": "19153",
    "1": "Philadelphia, PA 19153",
    "2": "zip"
  },
  {
    "0": "19154",
    "1": "Philadelphia, PA 19154",
    "2": "zip"
  },
  {
    "0": "19301",
    "1": "Paoli, PA 19301",
    "2": "zip"
  },
  {
    "0": "19310",
    "1": "Atglen, PA 19310",
    "2": "zip"
  },
  {
    "0": "19311",
    "1": "Avondale, PA 19311",
    "2": "zip"
  },
  {
    "0": "19312",
    "1": "Berwyn, PA 19312",
    "2": "zip"
  },
  {
    "0": "19317",
    "1": "Chadds Ford, PA 19317",
    "2": "zip"
  },
  {
    "0": "19319",
    "1": "Cheyney, PA 19319",
    "2": "zip"
  },
  {
    "0": "19320",
    "1": "Coatesville, PA 19320",
    "2": "zip"
  },
  {
    "0": "19330",
    "1": "Cochranville, PA 19330",
    "2": "zip"
  },
  {
    "0": "19333",
    "1": "Devon, PA 19333",
    "2": "zip"
  },
  {
    "0": "19335",
    "1": "Downingtown, PA 19335",
    "2": "zip"
  },
  {
    "0": "19341",
    "1": "Exton, PA 19341",
    "2": "zip"
  },
  {
    "0": "19342",
    "1": "Glen Mills, PA 19342",
    "2": "zip"
  },
  {
    "0": "19343",
    "1": "Glenmoore, PA 19343",
    "2": "zip"
  },
  {
    "0": "19344",
    "1": "Honey Brook, PA 19344",
    "2": "zip"
  },
  {
    "0": "19348",
    "1": "Kennett Square, PA 19348",
    "2": "zip"
  },
  {
    "0": "19350",
    "1": "Landenberg, PA 19350",
    "2": "zip"
  },
  {
    "0": "19352",
    "1": "Lincoln University, PA 19352",
    "2": "zip"
  },
  {
    "0": "19355",
    "1": "Malvern, PA 19355",
    "2": "zip"
  },
  {
    "0": "19362",
    "1": "Nottingham, PA 19362",
    "2": "zip"
  },
  {
    "0": "19363",
    "1": "Oxford, PA 19363",
    "2": "zip"
  },
  {
    "0": "19365",
    "1": "Parkesburg, PA 19365",
    "2": "zip"
  },
  {
    "0": "19372",
    "1": "Thorndale, PA 19372",
    "2": "zip"
  },
  {
    "0": "19373",
    "1": "Thornton, PA 19373",
    "2": "zip"
  },
  {
    "0": "19374",
    "1": "Toughkenamon, PA 19374",
    "2": "zip"
  },
  {
    "0": "19380",
    "1": "West Chester, PA 19380",
    "2": "zip"
  },
  {
    "0": "19382",
    "1": "West Chester, PA 19382",
    "2": "zip"
  },
  {
    "0": "19383",
    "1": "West Chester, PA 19383",
    "2": "zip"
  },
  {
    "0": "19390",
    "1": "West Grove, PA 19390",
    "2": "zip"
  },
  {
    "0": "19401",
    "1": "Norristown, PA 19401",
    "2": "zip"
  },
  {
    "0": "19403",
    "1": "Norristown, PA 19403",
    "2": "zip"
  },
  {
    "0": "19405",
    "1": "Bridgeport, PA 19405",
    "2": "zip"
  },
  {
    "0": "19406",
    "1": "King of Prussia, PA 19406",
    "2": "zip"
  },
  {
    "0": "19422",
    "1": "Blue Bell, PA 19422",
    "2": "zip"
  },
  {
    "0": "19425",
    "1": "Chester Springs, PA 19425",
    "2": "zip"
  },
  {
    "0": "19426",
    "1": "Collegeville, PA 19426",
    "2": "zip"
  },
  {
    "0": "19428",
    "1": "Conshohocken, PA 19428",
    "2": "zip"
  },
  {
    "0": "19435",
    "1": "Frederick, PA 19435",
    "2": "zip"
  },
  {
    "0": "19436",
    "1": "Gwynedd, PA 19436",
    "2": "zip"
  },
  {
    "0": "19438",
    "1": "Harleysville, PA 19438",
    "2": "zip"
  },
  {
    "0": "19440",
    "1": "Hatfield, PA 19440",
    "2": "zip"
  },
  {
    "0": "19444",
    "1": "Lafayette Hill, PA 19444",
    "2": "zip"
  },
  {
    "0": "19446",
    "1": "Lansdale, PA 19446",
    "2": "zip"
  },
  {
    "0": "19453",
    "1": "Mont Clare, PA 19453",
    "2": "zip"
  },
  {
    "0": "19454",
    "1": "North Wales, PA 19454",
    "2": "zip"
  },
  {
    "0": "19460",
    "1": "Phoenixville, PA 19460",
    "2": "zip"
  },
  {
    "0": "19462",
    "1": "Plymouth Meeting, PA 19462",
    "2": "zip"
  },
  {
    "0": "19464",
    "1": "Pottstown, PA 19464",
    "2": "zip"
  },
  {
    "0": "19465",
    "1": "Pottstown, PA 19465",
    "2": "zip"
  },
  {
    "0": "19468",
    "1": "Royersford, PA 19468",
    "2": "zip"
  },
  {
    "0": "19473",
    "1": "Schwenksville, PA 19473",
    "2": "zip"
  },
  {
    "0": "19475",
    "1": "Spring City, PA 19475",
    "2": "zip"
  },
  {
    "0": "19477",
    "1": "Spring House, PA 19477",
    "2": "zip"
  },
  {
    "0": "19492",
    "1": "Zieglerville, PA 19492",
    "2": "zip"
  },
  {
    "0": "19504",
    "1": "Barto, PA 19504",
    "2": "zip"
  },
  {
    "0": "19505",
    "1": "Bechtelsville, PA 19505",
    "2": "zip"
  },
  {
    "0": "19512",
    "1": "Boyertown, PA 19512",
    "2": "zip"
  },
  {
    "0": "19518",
    "1": "Douglassville, PA 19518",
    "2": "zip"
  },
  {
    "0": "19520",
    "1": "Elverson, PA 19520",
    "2": "zip"
  },
  {
    "0": "19525",
    "1": "Gilbertsville, PA 19525",
    "2": "zip"
  },
  {
    "0": "19543",
    "1": "Morgantown, PA 19543",
    "2": "zip"
  },
  {
    "0": "19711",
    "1": "Newark, DE 19711",
    "2": "zip"
  },
  {
    "0": "19807",
    "1": "Wilmington, DE 19807",
    "2": "zip"
  },
  {
    "0": "19810",
    "1": "Wilmington, DE 19810",
    "2": "zip"
  },
  {
    "0": "21911",
    "1": "Rising Sun, MD 21911",
    "2": "zip"
  },
  {
    "0": "21921",
    "1": "Elkton, MD 21921",
    "2": "zip"
  }
]